Visitor_ID,Attraction,Attraction_Visits,Wait_Time,Weather_Condition,Event,Timestamp
240,Battlestar Galactica: CYLON,67,29,Sunny,Special Event,2025-01-01
746,Revenge of the Mummy,39,32,Sunny,None,2025-01-01
1049,Sesame Street Spaghetti Space Chase,46,27,Rainy,Special Event,2025-01-01
-62,Revenge of the Mummy,55,12,Cloudy,None,2025-01-01
78,Revenge of the Mummy,48,9,Cloudy,None,2025-01-01
1007,Revenge of the Mummy,58,51,Rainy,None,2025-01-01
1054,Revenge of the Mummy,43,14,Cloudy,Special Event,2025-01-01
725,Puss In Boots' Giant Journey,66,22,Sunny,None,2025-01-01
1113,Revenge of the Mummy,43,44,Sunny,None,2025-01-01
925,Revenge of the Mummy,44,24,Sunny,None,2025-01-01
228,Revenge of the Mummy,81,17,Cloudy,None,2025-01-01
614,Battlestar Galactica: CYLON,51,21,Sunny,None,2025-01-01
200,Revenge of the Mummy,65,17,Cloudy,None,2025-01-01
598,Sesame Street Spaghetti Space Chase,44,23,Sunny,None,2025-01-01
386,Transformers: The Ride,58,15,Cloudy,None,2025-01-01
432,Revenge of the Mummy,44,18,Sunny,None,2025-01-01
347,Sesame Street Spaghetti Space Chase,71,28,Cloudy,None,2025-01-01
865,Sesame Street Spaghetti Space Chase,52,30,Rainy,Special Event,2025-01-01
557,Battlestar Galactica: CYLON,57,14,Cloudy,None,2025-01-01
902,Puss In Boots' Giant Journey,52,2,Rainy,Special Event,2025-01-01
-78,Sesame Street Spaghetti Space Chase,56,18,Cloudy,None,2025-01-01
200,Transformers: The Ride,62,12,Sunny,None,2025-01-01
178,Sesame Street Spaghetti Space Chase,57,27,Sunny,None,2025-01-01
525,Revenge of the Mummy,62,26,Rainy,None,2025-01-01
155,Transformers: The Ride,55,35,Rainy,None,2025-01-02
275,Battlestar Galactica: CYLON,33,50,Rainy,Special Event,2025-01-02
21,Sesame Street Spaghetti Space Chase,39,5,Sunny,None,2025-01-02
982,Revenge of the Mummy,68,21,Sunny,Special Event,2025-01-02
792,Revenge of the Mummy,45,27,Cloudy,None,2025-01-02
550,Battlestar Galactica: CYLON,53,29,Rainy,None,2025-01-02
286,Revenge of the Mummy,55,20,Cloudy,None,2025-01-02
531,Puss In Boots' Giant Journey,46,28,Sunny,None,2025-01-02
846,Transformers: The Ride,53,25,Sunny,Special Event,2025-01-02
867,Sesame Street Spaghetti Space Chase,42,51,Cloudy,Special Event,2025-01-02
311,Sesame Street Spaghetti Space Chase,74,0,Rainy,None,2025-01-02
737,Battlestar Galactica: CYLON,51,42,Sunny,None,2025-01-02
905,Battlestar Galactica: CYLON,60,5,Cloudy,None,2025-01-02
1116,Revenge of the Mummy,36,21,Sunny,None,2025-01-02
591,Sesame Street Spaghetti Space Chase,48,47,Sunny,Special Event,2025-01-02
428,Revenge of the Mummy,39,15,Sunny,Special Event,2025-01-02
1089,Sesame Street Spaghetti Space Chase,66,25,Sunny,Special Event,2025-01-02
920,Sesame Street Spaghetti Space Chase,60,11,Sunny,None,2025-01-02
365,Sesame Street Spaghetti Space Chase,54,28,Sunny,None,2025-01-02
1096,Sesame Street Spaghetti Space Chase,77,40,Sunny,None,2025-01-02
-35,Sesame Street Spaghetti Space Chase,36,21,Rainy,None,2025-01-02
274,Sesame Street Spaghetti Space Chase,53,19,Rainy,None,2025-01-02
9,Transformers: The Ride,49,0,Sunny,None,2025-01-02
593,Revenge of the Mummy,44,32,Sunny,None,2025-01-02
-69,Battlestar Galactica: CYLON,69,39,Cloudy,None,2025-01-03
184,Sesame Street Spaghetti Space Chase,59,31,Sunny,Special Event,2025-01-03
455,Sesame Street Spaghetti Space Chase,53,20,Cloudy,None,2025-01-03
762,Sesame Street Spaghetti Space Chase,45,18,Rainy,Special Event,2025-01-03
983,Sesame Street Spaghetti Space Chase,43,27,Sunny,None,2025-01-03
757,Revenge of the Mummy,50,24,Rainy,Special Event,2025-01-03
990,Revenge of the Mummy,51,35,Sunny,None,2025-01-03
404,Sesame Street Spaghetti Space Chase,60,23,Sunny,None,2025-01-03
280,Sesame Street Spaghetti Space Chase,48,42,Sunny,None,2025-01-03
903,Revenge of the Mummy,50,41,Sunny,None,2025-01-03
1053,Sesame Street Spaghetti Space Chase,66,19,Cloudy,None,2025-01-03
-12,Revenge of the Mummy,34,-9,Sunny,None,2025-01-03
-108,Battlestar Galactica: CYLON,71,-1,Sunny,None,2025-01-03
451,Revenge of the Mummy,70,9,Cloudy,None,2025-01-03
197,Sesame Street Spaghetti Space Chase,49,30,Cloudy,Special Event,2025-01-03
359,Battlestar Galactica: CYLON,53,15,Cloudy,None,2025-01-03
718,Puss In Boots' Giant Journey,69,16,Sunny,Special Event,2025-01-03
837,Transformers: The Ride,56,-10,Cloudy,None,2025-01-03
762,Puss In Boots' Giant Journey,78,25,Cloudy,None,2025-01-03
703,Transformers: The Ride,38,57,Sunny,None,2025-01-03
1072,Puss In Boots' Giant Journey,66,24,Cloudy,None,2025-01-03
146,Battlestar Galactica: CYLON,49,11,Sunny,None,2025-01-03
1032,Battlestar Galactica: CYLON,71,50,Sunny,Special Event,2025-01-03
1031,Revenge of the Mummy,62,22,Sunny,Special Event,2025-01-03
865,Sesame Street Spaghetti Space Chase,69,6,Sunny,Special Event,2025-01-04
529,Transformers: The Ride,53,-1,Sunny,None,2025-01-04
354,Revenge of the Mummy,47,23,Sunny,Special Event,2025-01-04
685,Revenge of the Mummy,54,19,Sunny,None,2025-01-04
838,Transformers: The Ride,57,32,Sunny,None,2025-01-04
305,Puss In Boots' Giant Journey,44,18,Sunny,None,2025-01-04
534,Revenge of the Mummy,46,2,Sunny,Special Event,2025-01-04
90,Sesame Street Spaghetti Space Chase,33,33,Cloudy,Special Event,2025-01-04
-121,Sesame Street Spaghetti Space Chase,49,-3,Sunny,Special Event,2025-01-04
-17,Sesame Street Spaghetti Space Chase,44,26,Cloudy,None,2025-01-04
1062,Battlestar Galactica: CYLON,47,52,Rainy,None,2025-01-04
9,Revenge of the Mummy,45,18,Sunny,Special Event,2025-01-04
882,Puss In Boots' Giant Journey,50,54,Cloudy,Special Event,2025-01-04
65,Battlestar Galactica: CYLON,50,15,Sunny,None,2025-01-04
247,Battlestar Galactica: CYLON,42,-13,Sunny,None,2025-01-04
588,Transformers: The Ride,46,8,Cloudy,Special Event,2025-01-04
70,Battlestar Galactica: CYLON,75,38,Sunny,None,2025-01-04
810,Puss In Boots' Giant Journey,57,12,Cloudy,None,2025-01-04
949,Sesame Street Spaghetti Space Chase,68,44,Cloudy,Special Event,2025-01-04
18,Puss In Boots' Giant Journey,57,13,Sunny,None,2025-01-04
907,Sesame Street Spaghetti Space Chase,51,27,Sunny,None,2025-01-04
633,Battlestar Galactica: CYLON,76,34,Cloudy,None,2025-01-04
857,Revenge of the Mummy,45,22,Rainy,Special Event,2025-01-04
661,Transformers: The Ride,59,50,Sunny,Special Event,2025-01-04
258,Transformers: The Ride,80,20,Sunny,None,2025-01-05
211,Revenge of the Mummy,70,-1,Sunny,Special Event,2025-01-05
91,Transformers: The Ride,78,1,Cloudy,Special Event,2025-01-05
508,Battlestar Galactica: CYLON,61,8,Sunny,None,2025-01-05
704,Sesame Street Spaghetti Space Chase,43,1,Sunny,None,2025-01-05
863,Revenge of the Mummy,55,47,Cloudy,None,2025-01-05
-54,Battlestar Galactica: CYLON,68,4,Cloudy,None,2025-01-05
50,Puss In Boots' Giant Journey,57,27,Sunny,None,2025-01-05
887,Sesame Street Spaghetti Space Chase,62,21,Cloudy,Special Event,2025-01-05
109,Puss In Boots' Giant Journey,42,39,Cloudy,None,2025-01-05
380,Puss In Boots' Giant Journey,42,-7,Sunny,None,2025-01-05
146,Revenge of the Mummy,64,46,Cloudy,Special Event,2025-01-05
840,Transformers: The Ride,58,19,Rainy,None,2025-01-05
895,Sesame Street Spaghetti Space Chase,60,1,Sunny,None,2025-01-05
302,Battlestar Galactica: CYLON,54,21,Cloudy,None,2025-01-05
78,Battlestar Galactica: CYLON,49,5,Cloudy,None,2025-01-05
338,Revenge of the Mummy,56,17,Rainy,Special Event,2025-01-05
531,Battlestar Galactica: CYLON,63,46,Sunny,None,2025-01-05
180,Battlestar Galactica: CYLON,45,7,Sunny,Special Event,2025-01-05
827,Battlestar Galactica: CYLON,68,11,Cloudy,None,2025-01-05
294,Puss In Boots' Giant Journey,48,21,Cloudy,None,2025-01-05
1066,Puss In Boots' Giant Journey,76,54,Sunny,Special Event,2025-01-05
1001,Battlestar Galactica: CYLON,49,29,Cloudy,Special Event,2025-01-05
-164,Battlestar Galactica: CYLON,52,-2,Sunny,None,2025-01-05
940,Transformers: The Ride,53,26,Sunny,None,2025-01-06
752,Transformers: The Ride,42,26,Sunny,None,2025-01-06
373,Transformers: The Ride,59,44,Rainy,Special Event,2025-01-06
1138,Battlestar Galactica: CYLON,75,34,Cloudy,None,2025-01-06
1004,Revenge of the Mummy,36,23,Sunny,Special Event,2025-01-06
27,Transformers: The Ride,35,41,Sunny,None,2025-01-06
315,Puss In Boots' Giant Journey,64,32,Sunny,None,2025-01-06
1005,Revenge of the Mummy,65,14,Sunny,Special Event,2025-01-06
668,Sesame Street Spaghetti Space Chase,52,35,Cloudy,None,2025-01-06
866,Sesame Street Spaghetti Space Chase,47,24,Sunny,None,2025-01-06
690,Revenge of the Mummy,34,25,Sunny,None,2025-01-06
839,Sesame Street Spaghetti Space Chase,62,45,Sunny,None,2025-01-06
211,Transformers: The Ride,65,27,Cloudy,None,2025-01-06
219,Battlestar Galactica: CYLON,50,5,Sunny,None,2025-01-06
-46,Transformers: The Ride,60,0,Sunny,None,2025-01-06
57,Transformers: The Ride,56,11,Sunny,None,2025-01-06
475,Battlestar Galactica: CYLON,69,31,Sunny,None,2025-01-06
84,Battlestar Galactica: CYLON,60,22,Sunny,None,2025-01-06
917,Battlestar Galactica: CYLON,58,21,Sunny,Special Event,2025-01-06
881,Sesame Street Spaghetti Space Chase,64,3,Rainy,None,2025-01-06
524,Sesame Street Spaghetti Space Chase,78,16,Rainy,Special Event,2025-01-06
614,Battlestar Galactica: CYLON,47,18,Cloudy,None,2025-01-06
-163,Puss In Boots' Giant Journey,55,29,Rainy,None,2025-01-06
160,Puss In Boots' Giant Journey,48,21,Sunny,None,2025-01-06
336,Battlestar Galactica: CYLON,43,20,Rainy,None,2025-01-07
756,Sesame Street Spaghetti Space Chase,59,40,Sunny,Special Event,2025-01-07
683,Transformers: The Ride,61,44,Sunny,None,2025-01-07
1098,Battlestar Galactica: CYLON,79,48,Sunny,None,2025-01-07
497,Battlestar Galactica: CYLON,53,20,Sunny,None,2025-01-07
877,Battlestar Galactica: CYLON,37,15,Rainy,None,2025-01-07
634,Sesame Street Spaghetti Space Chase,68,32,Cloudy,None,2025-01-07
44,Battlestar Galactica: CYLON,68,31,Sunny,Special Event,2025-01-07
686,Battlestar Galactica: CYLON,50,4,Sunny,None,2025-01-07
955,Sesame Street Spaghetti Space Chase,37,16,Rainy,None,2025-01-07
599,Battlestar Galactica: CYLON,34,17,Rainy,None,2025-01-07
737,Revenge of the Mummy,59,11,Cloudy,None,2025-01-07
120,Revenge of the Mummy,61,14,Sunny,None,2025-01-07
1023,Sesame Street Spaghetti Space Chase,54,36,Cloudy,None,2025-01-07
222,Battlestar Galactica: CYLON,54,10,Cloudy,None,2025-01-07
638,Revenge of the Mummy,69,16,Sunny,None,2025-01-07
1079,Battlestar Galactica: CYLON,60,18,Cloudy,None,2025-01-07
958,Sesame Street Spaghetti Space Chase,75,36,Sunny,Special Event,2025-01-07
-22,Battlestar Galactica: CYLON,60,14,Sunny,Special Event,2025-01-07
335,Transformers: The Ride,49,57,Rainy,None,2025-01-07
357,Puss In Boots' Giant Journey,58,34,Sunny,None,2025-01-07
709,Transformers: The Ride,49,40,Cloudy,None,2025-01-07
165,Revenge of the Mummy,62,27,Sunny,None,2025-01-07
1183,Revenge of the Mummy,57,29,Sunny,Special Event,2025-01-07
260,Sesame Street Spaghetti Space Chase,55,32,Cloudy,None,2025-01-08
736,Sesame Street Spaghetti Space Chase,60,18,Cloudy,None,2025-01-08
913,Transformers: The Ride,35,13,Sunny,Special Event,2025-01-08
385,Battlestar Galactica: CYLON,33,21,Sunny,Special Event,2025-01-08
65,Transformers: The Ride,50,21,Cloudy,None,2025-01-08
503,Revenge of the Mummy,40,22,Sunny,Special Event,2025-01-08
942,Sesame Street Spaghetti Space Chase,58,49,Sunny,None,2025-01-08
430,Revenge of the Mummy,62,19,Sunny,None,2025-01-08
923,Sesame Street Spaghetti Space Chase,66,41,Sunny,Special Event,2025-01-08
873,Battlestar Galactica: CYLON,44,19,Sunny,None,2025-01-08
726,Transformers: The Ride,36,11,Rainy,None,2025-01-08
91,Transformers: The Ride,56,27,Sunny,None,2025-01-08
1089,Sesame Street Spaghetti Space Chase,53,36,Cloudy,None,2025-01-08
922,Puss In Boots' Giant Journey,57,14,Rainy,None,2025-01-08
407,Sesame Street Spaghetti Space Chase,53,31,Rainy,Special Event,2025-01-08
933,Battlestar Galactica: CYLON,45,26,Rainy,None,2025-01-08
964,Battlestar Galactica: CYLON,55,45,Cloudy,None,2025-01-08
779,Transformers: The Ride,45,23,Sunny,None,2025-01-08
296,Revenge of the Mummy,42,31,Cloudy,None,2025-01-08
373,Puss In Boots' Giant Journey,59,24,Sunny,None,2025-01-08
751,Sesame Street Spaghetti Space Chase,56,2,Sunny,Special Event,2025-01-08
161,Transformers: The Ride,77,7,Cloudy,None,2025-01-08
342,Revenge of the Mummy,34,40,Cloudy,None,2025-01-08
924,Revenge of the Mummy,49,-11,Sunny,None,2025-01-08
357,Transformers: The Ride,64,14,Sunny,None,2025-01-09
503,Revenge of the Mummy,57,43,Rainy,None,2025-01-09
898,Transformers: The Ride,62,37,Rainy,None,2025-01-09
449,Puss In Boots' Giant Journey,36,26,Cloudy,None,2025-01-09
89,Battlestar Galactica: CYLON,47,-4,Sunny,Special Event,2025-01-09
-200,Puss In Boots' Giant Journey,54,5,Sunny,None,2025-01-09
926,Revenge of the Mummy,80,17,Sunny,None,2025-01-09
36,Battlestar Galactica: CYLON,28,16,Cloudy,None,2025-01-09
1057,Puss In Boots' Giant Journey,76,18,Sunny,Special Event,2025-01-09
550,Battlestar Galactica: CYLON,51,10,Sunny,Special Event,2025-01-09
635,Battlestar Galactica: CYLON,50,26,Cloudy,Special Event,2025-01-09
334,Battlestar Galactica: CYLON,64,29,Cloudy,Special Event,2025-01-09
121,Sesame Street Spaghetti Space Chase,48,15,Rainy,None,2025-01-09
666,Sesame Street Spaghetti Space Chase,48,28,Rainy,None,2025-01-09
1136,Battlestar Galactica: CYLON,76,24,Cloudy,None,2025-01-09
246,Battlestar Galactica: CYLON,40,33,Cloudy,None,2025-01-09
713,Revenge of the Mummy,79,0,Sunny,None,2025-01-09
430,Battlestar Galactica: CYLON,60,13,Sunny,None,2025-01-09
312,Battlestar Galactica: CYLON,76,-5,Cloudy,None,2025-01-09
55,Battlestar Galactica: CYLON,61,19,Cloudy,None,2025-01-09
759,Transformers: The Ride,62,-4,Sunny,None,2025-01-09
347,Battlestar Galactica: CYLON,61,35,Rainy,None,2025-01-09
118,Revenge of the Mummy,51,41,Cloudy,None,2025-01-09
189,Sesame Street Spaghetti Space Chase,56,20,Sunny,Special Event,2025-01-09
996,Sesame Street Spaghetti Space Chase,51,31,Sunny,Special Event,2025-01-10
593,Revenge of the Mummy,59,25,Sunny,None,2025-01-10
1001,Battlestar Galactica: CYLON,55,23,Rainy,None,2025-01-10
220,Puss In Boots' Giant Journey,65,12,Cloudy,None,2025-01-10
-15,Transformers: The Ride,60,25,Cloudy,None,2025-01-10
51,Sesame Street Spaghetti Space Chase,35,46,Sunny,None,2025-01-10
833,Battlestar Galactica: CYLON,54,24,Cloudy,None,2025-01-10
402,Battlestar Galactica: CYLON,69,21,Rainy,Special Event,2025-01-10
-108,Battlestar Galactica: CYLON,36,23,Cloudy,None,2025-01-10
300,Puss In Boots' Giant Journey,44,12,Cloudy,None,2025-01-10
834,Transformers: The Ride,59,11,Sunny,None,2025-01-10
606,Puss In Boots' Giant Journey,48,-3,Sunny,None,2025-01-10
798,Sesame Street Spaghetti Space Chase,66,36,Rainy,Special Event,2025-01-10
362,Sesame Street Spaghetti Space Chase,58,40,Sunny,None,2025-01-10
450,Revenge of the Mummy,73,23,Sunny,Special Event,2025-01-10
803,Battlestar Galactica: CYLON,45,12,Cloudy,None,2025-01-10
902,Transformers: The Ride,59,-1,Sunny,None,2025-01-10
-122,Transformers: The Ride,48,4,Sunny,None,2025-01-10
755,Revenge of the Mummy,49,21,Cloudy,Special Event,2025-01-10
21,Sesame Street Spaghetti Space Chase,56,51,Sunny,None,2025-01-10
452,Revenge of the Mummy,51,38,Sunny,None,2025-01-10
840,Revenge of the Mummy,44,39,Cloudy,Special Event,2025-01-10
472,Battlestar Galactica: CYLON,54,10,Cloudy,None,2025-01-10
431,Transformers: The Ride,65,17,Sunny,None,2025-01-10
525,Battlestar Galactica: CYLON,47,0,Cloudy,None,2025-01-11
90,Transformers: The Ride,53,14,Cloudy,None,2025-01-11
361,Sesame Street Spaghetti Space Chase,55,26,Sunny,Special Event,2025-01-11
530,Puss In Boots' Giant Journey,42,43,Sunny,Special Event,2025-01-11
383,Sesame Street Spaghetti Space Chase,52,15,Rainy,Special Event,2025-01-11
765,Battlestar Galactica: CYLON,63,6,Rainy,Special Event,2025-01-11
582,Transformers: The Ride,51,18,Rainy,None,2025-01-11
1158,Puss In Boots' Giant Journey,64,1,Rainy,None,2025-01-11
-101,Puss In Boots' Giant Journey,35,7,Sunny,None,2025-01-11
721,Battlestar Galactica: CYLON,52,30,Sunny,None,2025-01-11
346,Battlestar Galactica: CYLON,76,23,Sunny,Special Event,2025-01-11
155,Transformers: The Ride,52,12,Rainy,Special Event,2025-01-11
90,Puss In Boots' Giant Journey,44,12,Sunny,None,2025-01-11
809,Battlestar Galactica: CYLON,62,3,Sunny,None,2025-01-11
1006,Battlestar Galactica: CYLON,69,15,Cloudy,None,2025-01-11
689,Battlestar Galactica: CYLON,36,15,Cloudy,Special Event,2025-01-11
-114,Puss In Boots' Giant Journey,61,3,Sunny,None,2025-01-11
958,Transformers: The Ride,67,53,Cloudy,Special Event,2025-01-11
625,Battlestar Galactica: CYLON,58,-14,Cloudy,Special Event,2025-01-11
997,Sesame Street Spaghetti Space Chase,59,14,Cloudy,Special Event,2025-01-11
569,Battlestar Galactica: CYLON,25,16,Cloudy,None,2025-01-11
173,Revenge of the Mummy,53,19,Sunny,Special Event,2025-01-11
274,Puss In Boots' Giant Journey,43,-2,Rainy,None,2025-01-11
578,Battlestar Galactica: CYLON,59,15,Cloudy,None,2025-01-11
11,Battlestar Galactica: CYLON,47,20,Rainy,None,2025-01-12
-61,Puss In Boots' Giant Journey,35,44,Sunny,None,2025-01-12
230,Battlestar Galactica: CYLON,57,18,Sunny,Special Event,2025-01-12
506,Transformers: The Ride,48,30,Rainy,None,2025-01-12
764,Battlestar Galactica: CYLON,56,18,Rainy,None,2025-01-12
983,Revenge of the Mummy,58,41,Rainy,None,2025-01-12
1020,Battlestar Galactica: CYLON,56,32,Cloudy,None,2025-01-12
992,Revenge of the Mummy,61,10,Cloudy,None,2025-01-12
774,Puss In Boots' Giant Journey,53,17,Cloudy,Special Event,2025-01-12
995,Sesame Street Spaghetti Space Chase,63,44,Rainy,None,2025-01-12
721,Sesame Street Spaghetti Space Chase,42,20,Rainy,Special Event,2025-01-12
934,Transformers: The Ride,58,18,Cloudy,None,2025-01-12
708,Battlestar Galactica: CYLON,46,32,Cloudy,None,2025-01-12
318,Revenge of the Mummy,63,10,Cloudy,Special Event,2025-01-12
417,Sesame Street Spaghetti Space Chase,48,-1,Cloudy,Special Event,2025-01-12
570,Transformers: The Ride,55,4,Cloudy,None,2025-01-12
143,Revenge of the Mummy,59,17,Sunny,None,2025-01-12
248,Battlestar Galactica: CYLON,57,15,Cloudy,None,2025-01-12
614,Revenge of the Mummy,56,20,Sunny,Special Event,2025-01-12
223,Sesame Street Spaghetti Space Chase,55,13,Cloudy,Special Event,2025-01-12
459,Revenge of the Mummy,58,4,Sunny,None,2025-01-12
-91,Revenge of the Mummy,37,19,Sunny,Special Event,2025-01-12
635,Battlestar Galactica: CYLON,69,10,Rainy,Special Event,2025-01-12
150,Transformers: The Ride,57,16,Cloudy,Special Event,2025-01-12
947,Sesame Street Spaghetti Space Chase,38,36,Sunny,None,2025-01-13
447,Transformers: The Ride,55,13,Sunny,None,2025-01-13
-71,Puss In Boots' Giant Journey,34,18,Sunny,None,2025-01-13
658,Revenge of the Mummy,56,34,Sunny,Special Event,2025-01-13
501,Puss In Boots' Giant Journey,66,17,Sunny,None,2025-01-13
780,Revenge of the Mummy,53,55,Cloudy,None,2025-01-13
407,Battlestar Galactica: CYLON,63,6,Rainy,None,2025-01-13
440,Revenge of the Mummy,60,19,Cloudy,None,2025-01-13
644,Revenge of the Mummy,54,15,Cloudy,None,2025-01-13
1004,Battlestar Galactica: CYLON,43,19,Sunny,Special Event,2025-01-13
714,Sesame Street Spaghetti Space Chase,43,7,Sunny,Special Event,2025-01-13
928,Revenge of the Mummy,57,3,Cloudy,None,2025-01-13
477,Transformers: The Ride,43,9,Cloudy,None,2025-01-13
1095,Puss In Boots' Giant Journey,64,6,Sunny,None,2025-01-13
686,Transformers: The Ride,47,6,Sunny,None,2025-01-13
924,Battlestar Galactica: CYLON,54,3,Sunny,Special Event,2025-01-13
941,Revenge of the Mummy,44,19,Cloudy,None,2025-01-13
248,Puss In Boots' Giant Journey,80,20,Rainy,Special Event,2025-01-13
901,Sesame Street Spaghetti Space Chase,49,49,Cloudy,None,2025-01-13
736,Sesame Street Spaghetti Space Chase,64,30,Cloudy,None,2025-01-13
408,Sesame Street Spaghetti Space Chase,41,38,Cloudy,Special Event,2025-01-13
1010,Revenge of the Mummy,37,41,Cloudy,Special Event,2025-01-13
551,Transformers: The Ride,67,24,Sunny,None,2025-01-13
992,Revenge of the Mummy,49,5,Rainy,Special Event,2025-01-13
429,Revenge of the Mummy,51,33,Sunny,Special Event,2025-01-14
1059,Sesame Street Spaghetti Space Chase,49,23,Sunny,Special Event,2025-01-14
988,Revenge of the Mummy,51,35,Sunny,None,2025-01-14
903,Battlestar Galactica: CYLON,68,39,Sunny,None,2025-01-14
666,Sesame Street Spaghetti Space Chase,62,40,Rainy,None,2025-01-14
958,Battlestar Galactica: CYLON,56,12,Sunny,None,2025-01-14
71,Revenge of the Mummy,56,17,Sunny,Special Event,2025-01-14
793,Revenge of the Mummy,55,44,Sunny,Special Event,2025-01-14
902,Transformers: The Ride,60,35,Sunny,None,2025-01-14
710,Revenge of the Mummy,60,14,Rainy,Special Event,2025-01-14
261,Revenge of the Mummy,72,16,Sunny,Special Event,2025-01-14
-4,Sesame Street Spaghetti Space Chase,35,9,Cloudy,None,2025-01-14
611,Revenge of the Mummy,52,17,Sunny,None,2025-01-14
746,Puss In Boots' Giant Journey,65,34,Sunny,None,2025-01-14
705,Battlestar Galactica: CYLON,58,21,Cloudy,None,2025-01-14
982,Battlestar Galactica: CYLON,50,29,Cloudy,None,2025-01-14
817,Transformers: The Ride,62,3,Sunny,None,2025-01-14
247,Puss In Boots' Giant Journey,47,-6,Sunny,None,2025-01-14
899,Sesame Street Spaghetti Space Chase,47,41,Cloudy,Special Event,2025-01-14
833,Revenge of the Mummy,63,41,Rainy,None,2025-01-14
-49,Revenge of the Mummy,56,24,Cloudy,None,2025-01-14
-50,Transformers: The Ride,44,38,Rainy,Special Event,2025-01-14
689,Revenge of the Mummy,59,21,Sunny,Special Event,2025-01-14
49,Battlestar Galactica: CYLON,50,8,Cloudy,None,2025-01-14
1119,Sesame Street Spaghetti Space Chase,56,20,Rainy,None,2025-01-15
671,Battlestar Galactica: CYLON,57,9,Sunny,Special Event,2025-01-15
294,Revenge of the Mummy,59,5,Cloudy,None,2025-01-15
156,Sesame Street Spaghetti Space Chase,59,-1,Sunny,None,2025-01-15
-2,Battlestar Galactica: CYLON,58,35,Sunny,Special Event,2025-01-15
764,Revenge of the Mummy,45,22,Sunny,Special Event,2025-01-15
582,Revenge of the Mummy,41,16,Cloudy,None,2025-01-15
853,Transformers: The Ride,39,33,Cloudy,None,2025-01-15
353,Revenge of the Mummy,56,11,Sunny,Special Event,2025-01-15
197,Battlestar Galactica: CYLON,39,53,Rainy,None,2025-01-15
222,Sesame Street Spaghetti Space Chase,54,33,Cloudy,None,2025-01-15
859,Battlestar Galactica: CYLON,39,22,Sunny,None,2025-01-15
325,Battlestar Galactica: CYLON,55,13,Cloudy,None,2025-01-15
-102,Transformers: The Ride,28,-2,Sunny,None,2025-01-15
1011,Sesame Street Spaghetti Space Chase,59,5,Sunny,Special Event,2025-01-15
867,Puss In Boots' Giant Journey,56,37,Sunny,None,2025-01-15
650,Puss In Boots' Giant Journey,52,4,Rainy,None,2025-01-15
439,Transformers: The Ride,64,29,Cloudy,None,2025-01-15
290,Transformers: The Ride,68,-7,Rainy,None,2025-01-15
73,Puss In Boots' Giant Journey,39,13,Sunny,Special Event,2025-01-15
985,Battlestar Galactica: CYLON,54,52,Rainy,Special Event,2025-01-15
85,Revenge of the Mummy,58,3,Sunny,Special Event,2025-01-15
663,Sesame Street Spaghetti Space Chase,38,32,Cloudy,Special Event,2025-01-15
90,Transformers: The Ride,49,13,Sunny,None,2025-01-15
695,Transformers: The Ride,79,15,Sunny,None,2025-01-16
916,Battlestar Galactica: CYLON,61,24,Cloudy,None,2025-01-16
736,Sesame Street Spaghetti Space Chase,51,30,Sunny,Special Event,2025-01-16
626,Transformers: The Ride,53,14,Rainy,Special Event,2025-01-16
593,Battlestar Galactica: CYLON,71,18,Sunny,None,2025-01-16
430,Transformers: The Ride,57,28,Cloudy,None,2025-01-16
-17,Transformers: The Ride,31,28,Cloudy,None,2025-01-16
205,Battlestar Galactica: CYLON,60,12,Cloudy,None,2025-01-16
386,Revenge of the Mummy,62,27,Rainy,None,2025-01-16
265,Puss In Boots' Giant Journey,60,24,Rainy,Special Event,2025-01-16
1205,Battlestar Galactica: CYLON,63,12,Rainy,None,2025-01-16
54,Puss In Boots' Giant Journey,45,53,Sunny,None,2025-01-16
654,Puss In Boots' Giant Journey,55,39,Cloudy,None,2025-01-16
439,Revenge of the Mummy,58,-10,Sunny,None,2025-01-16
1006,Battlestar Galactica: CYLON,51,21,Cloudy,None,2025-01-16
283,Sesame Street Spaghetti Space Chase,41,34,Sunny,Special Event,2025-01-16
144,Transformers: The Ride,48,8,Sunny,None,2025-01-16
1031,Puss In Boots' Giant Journey,48,43,Rainy,None,2025-01-16
1096,Battlestar Galactica: CYLON,57,23,Cloudy,Special Event,2025-01-16
84,Puss In Boots' Giant Journey,60,36,Cloudy,None,2025-01-16
880,Sesame Street Spaghetti Space Chase,60,40,Rainy,Special Event,2025-01-16
724,Revenge of the Mummy,42,-6,Sunny,None,2025-01-16
125,Sesame Street Spaghetti Space Chase,51,23,Cloudy,None,2025-01-16
42,Puss In Boots' Giant Journey,45,17,Cloudy,None,2025-01-16
1074,Sesame Street Spaghetti Space Chase,71,38,Rainy,None,2025-01-17
1022,Revenge of the Mummy,60,17,Sunny,Special Event,2025-01-17
421,Transformers: The Ride,68,12,Sunny,None,2025-01-17
305,Transformers: The Ride,67,10,Sunny,None,2025-01-17
211,Revenge of the Mummy,45,25,Cloudy,None,2025-01-17
1100,Puss In Boots' Giant Journey,57,54,Cloudy,None,2025-01-17
947,Sesame Street Spaghetti Space Chase,38,19,Sunny,Special Event,2025-01-17
-128,Revenge of the Mummy,62,26,Cloudy,None,2025-01-17
772,Sesame Street Spaghetti Space Chase,55,20,Cloudy,None,2025-01-17
447,Sesame Street Spaghetti Space Chase,36,22,Cloudy,Special Event,2025-01-17
882,Revenge of the Mummy,65,20,Sunny,None,2025-01-17
342,Sesame Street Spaghetti Space Chase,53,22,Sunny,None,2025-01-17
871,Battlestar Galactica: CYLON,46,26,Cloudy,None,2025-01-17
-58,Transformers: The Ride,56,4,Sunny,None,2025-01-17
364,Revenge of the Mummy,71,28,Sunny,None,2025-01-17
317,Battlestar Galactica: CYLON,31,58,Cloudy,None,2025-01-17
908,Transformers: The Ride,62,33,Sunny,Special Event,2025-01-17
710,Transformers: The Ride,59,20,Sunny,None,2025-01-17
502,Revenge of the Mummy,58,23,Rainy,Special Event,2025-01-17
1039,Battlestar Galactica: CYLON,48,20,Cloudy,None,2025-01-17
794,Battlestar Galactica: CYLON,49,35,Cloudy,Special Event,2025-01-17
136,Revenge of the Mummy,37,29,Cloudy,None,2025-01-17
346,Puss In Boots' Giant Journey,48,13,Rainy,None,2025-01-17
179,Puss In Boots' Giant Journey,38,12,Rainy,None,2025-01-17
870,Transformers: The Ride,59,-8,Cloudy,None,2025-01-18
335,Sesame Street Spaghetti Space Chase,62,50,Sunny,None,2025-01-18
-47,Battlestar Galactica: CYLON,29,5,Sunny,None,2025-01-18
-75,Puss In Boots' Giant Journey,45,21,Cloudy,None,2025-01-18
-90,Revenge of the Mummy,37,12,Rainy,Special Event,2025-01-18
-6,Sesame Street Spaghetti Space Chase,32,16,Cloudy,Special Event,2025-01-18
1078,Sesame Street Spaghetti Space Chase,64,34,Rainy,None,2025-01-18
295,Sesame Street Spaghetti Space Chase,59,32,Sunny,Special Event,2025-01-18
141,Battlestar Galactica: CYLON,62,17,Sunny,None,2025-01-18
444,Transformers: The Ride,64,34,Sunny,None,2025-01-18
314,Puss In Boots' Giant Journey,58,37,Sunny,None,2025-01-18
1013,Sesame Street Spaghetti Space Chase,62,33,Rainy,None,2025-01-18
837,Sesame Street Spaghetti Space Chase,55,10,Sunny,None,2025-01-18
345,Sesame Street Spaghetti Space Chase,37,19,Rainy,Special Event,2025-01-18
139,Sesame Street Spaghetti Space Chase,46,37,Cloudy,Special Event,2025-01-18
464,Revenge of the Mummy,64,17,Sunny,Special Event,2025-01-18
522,Transformers: The Ride,63,20,Cloudy,None,2025-01-18
347,Battlestar Galactica: CYLON,36,10,Sunny,None,2025-01-18
782,Sesame Street Spaghetti Space Chase,59,44,Sunny,None,2025-01-18
976,Battlestar Galactica: CYLON,66,13,Rainy,None,2025-01-18
684,Sesame Street Spaghetti Space Chase,78,10,Rainy,None,2025-01-18
801,Battlestar Galactica: CYLON,51,40,Cloudy,None,2025-01-18
761,Transformers: The Ride,58,4,Sunny,Special Event,2025-01-18
946,Sesame Street Spaghetti Space Chase,66,38,Sunny,None,2025-01-18
601,Transformers: The Ride,60,25,Cloudy,None,2025-01-19
176,Sesame Street Spaghetti Space Chase,44,58,Sunny,None,2025-01-19
266,Revenge of the Mummy,72,24,Cloudy,None,2025-01-19
482,Revenge of the Mummy,57,29,Sunny,None,2025-01-19
251,Puss In Boots' Giant Journey,61,33,Sunny,None,2025-01-19
213,Transformers: The Ride,43,12,Sunny,None,2025-01-19
110,Sesame Street Spaghetti Space Chase,34,49,Sunny,None,2025-01-19
989,Battlestar Galactica: CYLON,59,0,Sunny,None,2025-01-19
-45,Puss In Boots' Giant Journey,35,13,Sunny,None,2025-01-19
409,Puss In Boots' Giant Journey,57,28,Sunny,None,2025-01-19
485,Transformers: The Ride,54,42,Cloudy,None,2025-01-19
729,Sesame Street Spaghetti Space Chase,57,24,Rainy,Special Event,2025-01-19
491,Revenge of the Mummy,67,13,Rainy,None,2025-01-19
768,Revenge of the Mummy,69,16,Cloudy,None,2025-01-19
273,Revenge of the Mummy,54,5,Sunny,None,2025-01-19
-217,Puss In Boots' Giant Journey,33,12,Rainy,None,2025-01-19
-75,Transformers: The Ride,38,5,Rainy,None,2025-01-19
1054,Battlestar Galactica: CYLON,52,35,Sunny,None,2025-01-19
293,Sesame Street Spaghetti Space Chase,54,26,Cloudy,Special Event,2025-01-19
616,Revenge of the Mummy,77,18,Cloudy,None,2025-01-19
906,Revenge of the Mummy,69,20,Sunny,Special Event,2025-01-19
556,Revenge of the Mummy,36,-5,Cloudy,None,2025-01-19
958,Battlestar Galactica: CYLON,67,45,Rainy,None,2025-01-19
691,Sesame Street Spaghetti Space Chase,69,21,Sunny,None,2025-01-19
-55,Battlestar Galactica: CYLON,62,23,Sunny,None,2025-01-20
984,Transformers: The Ride,26,30,Sunny,Special Event,2025-01-20
662,Puss In Boots' Giant Journey,61,29,Rainy,None,2025-01-20
958,Revenge of the Mummy,50,17,Sunny,None,2025-01-20
464,Sesame Street Spaghetti Space Chase,29,17,Rainy,Special Event,2025-01-20
834,Revenge of the Mummy,65,40,Sunny,None,2025-01-20
913,Sesame Street Spaghetti Space Chase,39,17,Cloudy,Special Event,2025-01-20
818,Revenge of the Mummy,58,25,Sunny,None,2025-01-20
308,Revenge of the Mummy,59,20,Sunny,None,2025-01-20
191,Sesame Street Spaghetti Space Chase,55,26,Sunny,Special Event,2025-01-20
853,Puss In Boots' Giant Journey,50,36,Sunny,None,2025-01-20
202,Puss In Boots' Giant Journey,44,33,Cloudy,None,2025-01-20
-114,Battlestar Galactica: CYLON,51,39,Cloudy,None,2025-01-20
924,Sesame Street Spaghetti Space Chase,49,24,Sunny,None,2025-01-20
729,Puss In Boots' Giant Journey,64,44,Cloudy,None,2025-01-20
1189,Battlestar Galactica: CYLON,80,23,Rainy,None,2025-01-20
673,Puss In Boots' Giant Journey,57,33,Cloudy,Special Event,2025-01-20
-20,Revenge of the Mummy,52,6,Rainy,None,2025-01-20
696,Battlestar Galactica: CYLON,62,8,Rainy,None,2025-01-20
309,Sesame Street Spaghetti Space Chase,69,21,Cloudy,None,2025-01-20
897,Sesame Street Spaghetti Space Chase,59,44,Rainy,None,2025-01-20
1026,Revenge of the Mummy,44,30,Sunny,None,2025-01-20
838,Revenge of the Mummy,55,37,Sunny,None,2025-01-20
703,Sesame Street Spaghetti Space Chase,49,26,Sunny,Special Event,2025-01-20
1,Battlestar Galactica: CYLON,58,5,Cloudy,None,2025-01-21
239,Transformers: The Ride,35,22,Rainy,None,2025-01-21
383,Revenge of the Mummy,63,20,Sunny,None,2025-01-21
1020,Puss In Boots' Giant Journey,63,20,Cloudy,None,2025-01-21
577,Battlestar Galactica: CYLON,41,14,Cloudy,None,2025-01-21
824,Sesame Street Spaghetti Space Chase,70,30,Rainy,None,2025-01-21
148,Battlestar Galactica: CYLON,50,-1,Cloudy,None,2025-01-21
-111,Revenge of the Mummy,56,31,Sunny,None,2025-01-21
296,Sesame Street Spaghetti Space Chase,55,19,Cloudy,None,2025-01-21
1003,Revenge of the Mummy,53,23,Cloudy,Special Event,2025-01-21
0,Sesame Street Spaghetti Space Chase,61,6,Sunny,None,2025-01-21
433,Transformers: The Ride,59,16,Sunny,Special Event,2025-01-21
234,Revenge of the Mummy,37,6,Sunny,Special Event,2025-01-21
496,Sesame Street Spaghetti Space Chase,52,6,Cloudy,Special Event,2025-01-21
101,Sesame Street Spaghetti Space Chase,58,22,Sunny,None,2025-01-21
992,Sesame Street Spaghetti Space Chase,61,32,Sunny,None,2025-01-21
987,Sesame Street Spaghetti Space Chase,49,0,Sunny,None,2025-01-21
103,Battlestar Galactica: CYLON,66,44,Cloudy,None,2025-01-21
31,Puss In Boots' Giant Journey,47,42,Cloudy,None,2025-01-21
392,Revenge of the Mummy,68,2,Sunny,Special Event,2025-01-21
987,Battlestar Galactica: CYLON,58,21,Cloudy,None,2025-01-21
814,Battlestar Galactica: CYLON,41,23,Cloudy,None,2025-01-21
735,Revenge of the Mummy,52,18,Cloudy,None,2025-01-21
978,Sesame Street Spaghetti Space Chase,68,11,Cloudy,None,2025-01-21
608,Battlestar Galactica: CYLON,74,49,Cloudy,None,2025-01-22
39,Revenge of the Mummy,51,16,Cloudy,None,2025-01-22
1003,Sesame Street Spaghetti Space Chase,59,58,Sunny,Special Event,2025-01-22
747,Puss In Boots' Giant Journey,53,24,Cloudy,None,2025-01-22
538,Revenge of the Mummy,53,22,Cloudy,None,2025-01-22
402,Revenge of the Mummy,48,26,Cloudy,None,2025-01-22
732,Transformers: The Ride,60,24,Sunny,None,2025-01-22
628,Puss In Boots' Giant Journey,38,26,Cloudy,Special Event,2025-01-22
796,Revenge of the Mummy,52,43,Rainy,None,2025-01-22
656,Battlestar Galactica: CYLON,63,13,Cloudy,None,2025-01-22
53,Revenge of the Mummy,58,13,Sunny,None,2025-01-22
51,Sesame Street Spaghetti Space Chase,60,24,Cloudy,None,2025-01-22
736,Transformers: The Ride,54,6,Sunny,None,2025-01-22
-71,Sesame Street Spaghetti Space Chase,50,12,Cloudy,None,2025-01-22
579,Battlestar Galactica: CYLON,59,-14,Sunny,None,2025-01-22
837,Revenge of the Mummy,70,33,Sunny,None,2025-01-22
908,Revenge of the Mummy,45,48,Sunny,Special Event,2025-01-22
686,Sesame Street Spaghetti Space Chase,57,43,Rainy,None,2025-01-22
1161,Battlestar Galactica: CYLON,57,25,Cloudy,Special Event,2025-01-22
1193,Battlestar Galactica: CYLON,52,26,Cloudy,None,2025-01-22
57,Revenge of the Mummy,53,-13,Cloudy,None,2025-01-22
160,Revenge of the Mummy,45,2,Sunny,Special Event,2025-01-22
531,Revenge of the Mummy,59,38,Cloudy,None,2025-01-22
916,Battlestar Galactica: CYLON,54,17,Sunny,None,2025-01-22
909,Battlestar Galactica: CYLON,73,46,Sunny,None,2025-01-23
12,Battlestar Galactica: CYLON,30,35,Cloudy,Special Event,2025-01-23
250,Puss In Boots' Giant Journey,51,59,Cloudy,None,2025-01-23
1121,Battlestar Galactica: CYLON,56,37,Sunny,Special Event,2025-01-23
871,Puss In Boots' Giant Journey,64,13,Sunny,None,2025-01-23
1089,Battlestar Galactica: CYLON,54,19,Rainy,None,2025-01-23
704,Sesame Street Spaghetti Space Chase,47,3,Sunny,None,2025-01-23
711,Transformers: The Ride,51,30,Sunny,Special Event,2025-01-23
789,Battlestar Galactica: CYLON,68,42,Rainy,None,2025-01-23
817,Revenge of the Mummy,51,18,Cloudy,None,2025-01-23
760,Revenge of the Mummy,38,27,Cloudy,None,2025-01-23
111,Revenge of the Mummy,35,1,Sunny,Special Event,2025-01-23
212,Sesame Street Spaghetti Space Chase,62,14,Sunny,None,2025-01-23
529,Revenge of the Mummy,34,51,Cloudy,None,2025-01-23
399,Sesame Street Spaghetti Space Chase,56,32,Sunny,None,2025-01-23
581,Battlestar Galactica: CYLON,46,15,Rainy,None,2025-01-23
666,Sesame Street Spaghetti Space Chase,41,44,Sunny,None,2025-01-23
801,Battlestar Galactica: CYLON,62,29,Sunny,None,2025-01-23
821,Puss In Boots' Giant Journey,53,15,Sunny,None,2025-01-23
1079,Revenge of the Mummy,56,23,Rainy,Special Event,2025-01-23
280,Sesame Street Spaghetti Space Chase,66,52,Cloudy,Special Event,2025-01-23
880,Battlestar Galactica: CYLON,48,22,Sunny,None,2025-01-23
185,Revenge of the Mummy,39,22,Sunny,None,2025-01-23
1018,Revenge of the Mummy,60,30,Sunny,None,2025-01-23
1099,Puss In Boots' Giant Journey,51,22,Cloudy,None,2025-01-24
-5,Battlestar Galactica: CYLON,54,37,Cloudy,None,2025-01-24
1095,Battlestar Galactica: CYLON,56,39,Cloudy,None,2025-01-24
784,Sesame Street Spaghetti Space Chase,41,49,Rainy,None,2025-01-24
975,Battlestar Galactica: CYLON,56,15,Rainy,None,2025-01-24
-215,Puss In Boots' Giant Journey,48,32,Cloudy,None,2025-01-24
825,Puss In Boots' Giant Journey,80,17,Cloudy,None,2025-01-24
711,Sesame Street Spaghetti Space Chase,60,13,Sunny,Special Event,2025-01-24
178,Revenge of the Mummy,57,3,Sunny,Special Event,2025-01-24
889,Battlestar Galactica: CYLON,45,23,Cloudy,Special Event,2025-01-24
-95,Battlestar Galactica: CYLON,72,-2,Rainy,None,2025-01-24
791,Battlestar Galactica: CYLON,47,45,Cloudy,None,2025-01-24
250,Puss In Boots' Giant Journey,51,39,Cloudy,Special Event,2025-01-24
-17,Sesame Street Spaghetti Space Chase,48,15,Sunny,Special Event,2025-01-24
1063,Revenge of the Mummy,59,12,Sunny,Special Event,2025-01-24
830,Puss In Boots' Giant Journey,56,29,Sunny,None,2025-01-24
189,Battlestar Galactica: CYLON,60,11,Sunny,None,2025-01-24
942,Battlestar Galactica: CYLON,54,25,Rainy,None,2025-01-24
260,Revenge of the Mummy,59,33,Cloudy,None,2025-01-24
365,Puss In Boots' Giant Journey,40,38,Cloudy,None,2025-01-24
348,Revenge of the Mummy,54,27,Cloudy,None,2025-01-24
609,Transformers: The Ride,50,19,Rainy,None,2025-01-24
353,Sesame Street Spaghetti Space Chase,44,19,Sunny,None,2025-01-24
717,Puss In Boots' Giant Journey,52,35,Rainy,None,2025-01-24
796,Puss In Boots' Giant Journey,63,32,Sunny,None,2025-01-25
-154,Puss In Boots' Giant Journey,55,-11,Sunny,Special Event,2025-01-25
594,Transformers: The Ride,67,30,Sunny,None,2025-01-25
417,Puss In Boots' Giant Journey,54,6,Sunny,None,2025-01-25
199,Battlestar Galactica: CYLON,56,11,Cloudy,None,2025-01-25
894,Transformers: The Ride,75,32,Sunny,None,2025-01-25
511,Puss In Boots' Giant Journey,60,24,Sunny,Special Event,2025-01-25
997,Battlestar Galactica: CYLON,48,58,Cloudy,None,2025-01-25
923,Revenge of the Mummy,50,24,Sunny,Special Event,2025-01-25
888,Transformers: The Ride,51,16,Cloudy,Special Event,2025-01-25
859,Transformers: The Ride,72,33,Rainy,None,2025-01-25
241,Puss In Boots' Giant Journey,56,50,Sunny,None,2025-01-25
67,Battlestar Galactica: CYLON,79,19,Rainy,Special Event,2025-01-25
630,Battlestar Galactica: CYLON,49,2,Rainy,Special Event,2025-01-25
993,Revenge of the Mummy,38,30,Sunny,None,2025-01-25
467,Transformers: The Ride,56,40,Rainy,None,2025-01-25
900,Revenge of the Mummy,53,54,Sunny,Special Event,2025-01-25
230,Sesame Street Spaghetti Space Chase,53,17,Rainy,None,2025-01-25
1134,Sesame Street Spaghetti Space Chase,57,5,Sunny,Special Event,2025-01-25
-53,Revenge of the Mummy,45,20,Sunny,None,2025-01-25
298,Sesame Street Spaghetti Space Chase,71,41,Sunny,None,2025-01-25
773,Puss In Boots' Giant Journey,64,20,Sunny,None,2025-01-25
750,Sesame Street Spaghetti Space Chase,69,62,Rainy,Special Event,2025-01-25
423,Sesame Street Spaghetti Space Chase,80,23,Rainy,Special Event,2025-01-25
360,Battlestar Galactica: CYLON,57,34,Cloudy,None,2025-01-26
1057,Transformers: The Ride,51,19,Sunny,None,2025-01-26
42,Sesame Street Spaghetti Space Chase,55,18,Cloudy,None,2025-01-26
149,Battlestar Galactica: CYLON,62,6,Sunny,Special Event,2025-01-26
437,Sesame Street Spaghetti Space Chase,57,30,Rainy,None,2025-01-26
503,Revenge of the Mummy,40,3,Sunny,None,2025-01-26
434,Revenge of the Mummy,79,25,Cloudy,None,2025-01-26
165,Revenge of the Mummy,73,-14,Sunny,Special Event,2025-01-26
253,Revenge of the Mummy,60,10,Sunny,None,2025-01-26
891,Battlestar Galactica: CYLON,62,16,Rainy,None,2025-01-26
-62,Puss In Boots' Giant Journey,78,16,Cloudy,None,2025-01-26
750,Battlestar Galactica: CYLON,44,1,Sunny,Special Event,2025-01-26
996,Sesame Street Spaghetti Space Chase,47,26,Cloudy,None,2025-01-26
946,Battlestar Galactica: CYLON,58,24,Cloudy,Special Event,2025-01-26
933,Revenge of the Mummy,60,10,Sunny,None,2025-01-26
1123,Revenge of the Mummy,52,27,Cloudy,None,2025-01-26
931,Revenge of the Mummy,50,-4,Sunny,None,2025-01-26
737,Puss In Boots' Giant Journey,42,49,Cloudy,None,2025-01-26
192,Revenge of the Mummy,53,23,Rainy,Special Event,2025-01-26
292,Revenge of the Mummy,59,17,Rainy,None,2025-01-26
868,Revenge of the Mummy,40,36,Sunny,None,2025-01-26
83,Revenge of the Mummy,39,38,Rainy,None,2025-01-26
494,Transformers: The Ride,74,39,Sunny,None,2025-01-26
704,Battlestar Galactica: CYLON,33,41,Rainy,None,2025-01-26
962,Battlestar Galactica: CYLON,71,13,Rainy,Special Event,2025-01-27
728,Battlestar Galactica: CYLON,61,4,Cloudy,None,2025-01-27
-90,Revenge of the Mummy,68,27,Sunny,None,2025-01-27
764,Transformers: The Ride,58,44,Cloudy,None,2025-01-27
333,Revenge of the Mummy,74,17,Cloudy,None,2025-01-27
1062,Transformers: The Ride,48,4,Sunny,None,2025-01-27
1049,Revenge of the Mummy,44,24,Cloudy,Special Event,2025-01-27
1124,Sesame Street Spaghetti Space Chase,61,26,Cloudy,None,2025-01-27
916,Battlestar Galactica: CYLON,71,16,Rainy,Special Event,2025-01-27
36,Transformers: The Ride,48,23,Sunny,None,2025-01-27
807,Transformers: The Ride,43,39,Sunny,None,2025-01-27
96,Puss In Boots' Giant Journey,33,7,Sunny,None,2025-01-27
94,Transformers: The Ride,38,22,Sunny,None,2025-01-27
347,Battlestar Galactica: CYLON,56,-2,Rainy,Special Event,2025-01-27
1150,Sesame Street Spaghetti Space Chase,43,21,Rainy,None,2025-01-27
868,Battlestar Galactica: CYLON,39,13,Cloudy,Special Event,2025-01-27
922,Transformers: The Ride,55,21,Cloudy,None,2025-01-27
514,Battlestar Galactica: CYLON,55,35,Sunny,Special Event,2025-01-27
113,Revenge of the Mummy,49,26,Cloudy,Special Event,2025-01-27
715,Transformers: The Ride,54,-12,Sunny,Special Event,2025-01-27
537,Revenge of the Mummy,60,42,Cloudy,Special Event,2025-01-27
925,Revenge of the Mummy,56,51,Sunny,None,2025-01-27
819,Transformers: The Ride,57,22,Cloudy,None,2025-01-27
955,Revenge of the Mummy,54,12,Sunny,None,2025-01-27
279,Revenge of the Mummy,56,12,Sunny,None,2025-01-28
404,Battlestar Galactica: CYLON,51,21,Sunny,None,2025-01-28
-88,Puss In Boots' Giant Journey,62,6,Rainy,Special Event,2025-01-28
-119,Puss In Boots' Giant Journey,56,46,Sunny,None,2025-01-28
448,Sesame Street Spaghetti Space Chase,64,-11,Sunny,Special Event,2025-01-28
335,Sesame Street Spaghetti Space Chase,54,7,Rainy,Special Event,2025-01-28
-16,Transformers: The Ride,58,24,Cloudy,Special Event,2025-01-28
931,Battlestar Galactica: CYLON,52,2,Sunny,Special Event,2025-01-28
39,Transformers: The Ride,44,4,Cloudy,None,2025-01-28
131,Puss In Boots' Giant Journey,57,33,Sunny,Special Event,2025-01-28
-8,Revenge of the Mummy,55,14,Cloudy,Special Event,2025-01-28
555,Revenge of the Mummy,52,33,Rainy,Special Event,2025-01-28
241,Sesame Street Spaghetti Space Chase,64,37,Cloudy,None,2025-01-28
344,Battlestar Galactica: CYLON,61,48,Cloudy,None,2025-01-28
300,Revenge of the Mummy,53,13,Cloudy,None,2025-01-28
1054,Revenge of the Mummy,62,37,Sunny,None,2025-01-28
867,Sesame Street Spaghetti Space Chase,51,4,Rainy,None,2025-01-28
629,Sesame Street Spaghetti Space Chase,37,48,Sunny,Special Event,2025-01-28
791,Transformers: The Ride,64,38,Sunny,None,2025-01-28
242,Puss In Boots' Giant Journey,35,47,Sunny,None,2025-01-28
117,Revenge of the Mummy,48,6,Sunny,None,2025-01-28
622,Puss In Boots' Giant Journey,54,2,Sunny,None,2025-01-28
825,Transformers: The Ride,46,11,Cloudy,Special Event,2025-01-28
415,Transformers: The Ride,58,26,Sunny,None,2025-01-28
1056,Battlestar Galactica: CYLON,69,48,Cloudy,None,2025-01-29
1171,Revenge of the Mummy,60,23,Sunny,None,2025-01-29
196,Revenge of the Mummy,54,11,Sunny,None,2025-01-29
811,Transformers: The Ride,57,-6,Rainy,None,2025-01-29
428,Sesame Street Spaghetti Space Chase,36,25,Sunny,Special Event,2025-01-29
209,Revenge of the Mummy,56,30,Sunny,None,2025-01-29
941,Battlestar Galactica: CYLON,53,17,Cloudy,Special Event,2025-01-29
796,Revenge of the Mummy,56,1,Sunny,None,2025-01-29
892,Battlestar Galactica: CYLON,67,-13,Cloudy,None,2025-01-29
1049,Battlestar Galactica: CYLON,60,47,Cloudy,Special Event,2025-01-29
684,Transformers: The Ride,52,22,Sunny,None,2025-01-29
613,Sesame Street Spaghetti Space Chase,65,24,Cloudy,Special Event,2025-01-29
831,Sesame Street Spaghetti Space Chase,38,-4,Cloudy,Special Event,2025-01-29
821,Battlestar Galactica: CYLON,54,18,Cloudy,None,2025-01-29
269,Battlestar Galactica: CYLON,42,15,Rainy,Special Event,2025-01-29
877,Battlestar Galactica: CYLON,43,20,Cloudy,None,2025-01-29
917,Sesame Street Spaghetti Space Chase,53,50,Sunny,None,2025-01-29
912,Battlestar Galactica: CYLON,31,16,Rainy,Special Event,2025-01-29
915,Transformers: The Ride,58,22,Rainy,Special Event,2025-01-29
852,Sesame Street Spaghetti Space Chase,47,17,Sunny,Special Event,2025-01-29
346,Sesame Street Spaghetti Space Chase,41,2,Cloudy,None,2025-01-29
85,Battlestar Galactica: CYLON,55,35,Rainy,Special Event,2025-01-29
819,Puss In Boots' Giant Journey,73,45,Sunny,None,2025-01-29
226,Revenge of the Mummy,50,15,Rainy,Special Event,2025-01-29
384,Revenge of the Mummy,64,45,Sunny,None,2025-01-30
931,Puss In Boots' Giant Journey,48,22,Sunny,None,2025-01-30
421,Transformers: The Ride,58,3,Cloudy,None,2025-01-30
449,Sesame Street Spaghetti Space Chase,53,52,Sunny,None,2025-01-30
854,Transformers: The Ride,63,3,Sunny,None,2025-01-30
144,Battlestar Galactica: CYLON,42,8,Rainy,None,2025-01-30
1118,Battlestar Galactica: CYLON,57,17,Rainy,None,2025-01-30
-98,Battlestar Galactica: CYLON,62,-5,Cloudy,None,2025-01-30
330,Puss In Boots' Giant Journey,31,-1,Cloudy,None,2025-01-30
335,Sesame Street Spaghetti Space Chase,50,17,Sunny,None,2025-01-30
1156,Battlestar Galactica: CYLON,62,27,Sunny,None,2025-01-30
-198,Sesame Street Spaghetti Space Chase,51,16,Cloudy,None,2025-01-30
1045,Sesame Street Spaghetti Space Chase,67,13,Cloudy,Special Event,2025-01-30
337,Puss In Boots' Giant Journey,40,66,Sunny,None,2025-01-30
881,Revenge of the Mummy,47,35,Sunny,Special Event,2025-01-30
866,Revenge of the Mummy,48,27,Cloudy,None,2025-01-30
617,Sesame Street Spaghetti Space Chase,48,15,Sunny,Special Event,2025-01-30
1074,Battlestar Galactica: CYLON,50,33,Rainy,None,2025-01-30
827,Transformers: The Ride,61,-2,Cloudy,None,2025-01-30
445,Transformers: The Ride,43,4,Rainy,Special Event,2025-01-30
465,Puss In Boots' Giant Journey,68,0,Sunny,None,2025-01-30
326,Puss In Boots' Giant Journey,53,13,Sunny,None,2025-01-30
459,Puss In Boots' Giant Journey,49,19,Sunny,None,2025-01-30
391,Revenge of the Mummy,39,48,Cloudy,Special Event,2025-01-30
565,Revenge of the Mummy,44,33,Sunny,None,2025-01-31
439,Sesame Street Spaghetti Space Chase,52,49,Cloudy,None,2025-01-31
-77,Battlestar Galactica: CYLON,47,41,Cloudy,Special Event,2025-01-31
765,Transformers: The Ride,60,14,Sunny,None,2025-01-31
-77,Revenge of the Mummy,49,10,Cloudy,None,2025-01-31
1101,Puss In Boots' Giant Journey,52,18,Rainy,None,2025-01-31
781,Sesame Street Spaghetti Space Chase,62,28,Rainy,None,2025-01-31
-55,Battlestar Galactica: CYLON,27,-3,Cloudy,None,2025-01-31
71,Puss In Boots' Giant Journey,46,34,Sunny,Special Event,2025-01-31
260,Battlestar Galactica: CYLON,54,22,Sunny,Special Event,2025-01-31
908,Sesame Street Spaghetti Space Chase,48,29,Cloudy,None,2025-01-31
-5,Revenge of the Mummy,54,-6,Sunny,Special Event,2025-01-31
15,Battlestar Galactica: CYLON,60,4,Cloudy,None,2025-01-31
1057,Sesame Street Spaghetti Space Chase,57,26,Rainy,Special Event,2025-01-31
430,Transformers: The Ride,65,38,Sunny,None,2025-01-31
737,Revenge of the Mummy,42,50,Cloudy,Special Event,2025-01-31
693,Battlestar Galactica: CYLON,40,26,Sunny,None,2025-01-31
-23,Battlestar Galactica: CYLON,52,16,Rainy,Special Event,2025-01-31
873,Puss In Boots' Giant Journey,73,6,Sunny,None,2025-01-31
416,Battlestar Galactica: CYLON,42,23,Cloudy,None,2025-01-31
814,Sesame Street Spaghetti Space Chase,70,47,Rainy,Special Event,2025-01-31
885,Transformers: The Ride,66,21,Sunny,None,2025-01-31
325,Sesame Street Spaghetti Space Chase,54,24,Cloudy,None,2025-01-31
-46,Battlestar Galactica: CYLON,47,14,Cloudy,None,2025-01-31
526,Transformers: The Ride,71,35,Cloudy,Special Event,2025-02-01
978,Sesame Street Spaghetti Space Chase,54,10,Rainy,None,2025-02-01
386,Battlestar Galactica: CYLON,57,21,Rainy,None,2025-02-01
756,Sesame Street Spaghetti Space Chase,47,43,Sunny,Special Event,2025-02-01
364,Battlestar Galactica: CYLON,46,34,Rainy,Special Event,2025-02-01
869,Revenge of the Mummy,60,18,Cloudy,None,2025-02-01
1167,Sesame Street Spaghetti Space Chase,52,32,Cloudy,None,2025-02-01
1013,Battlestar Galactica: CYLON,36,59,Cloudy,None,2025-02-01
890,Transformers: The Ride,47,32,Sunny,Special Event,2025-02-01
341,Sesame Street Spaghetti Space Chase,63,43,Cloudy,None,2025-02-01
912,Revenge of the Mummy,50,-7,Sunny,None,2025-02-01
585,Battlestar Galactica: CYLON,56,17,Sunny,Special Event,2025-02-01
1000,Battlestar Galactica: CYLON,56,60,Cloudy,None,2025-02-01
226,Transformers: The Ride,38,14,Sunny,Special Event,2025-02-01
319,Revenge of the Mummy,52,59,Cloudy,None,2025-02-01
135,Battlestar Galactica: CYLON,58,25,Sunny,None,2025-02-01
538,Battlestar Galactica: CYLON,53,25,Sunny,None,2025-02-01
219,Sesame Street Spaghetti Space Chase,66,14,Sunny,Special Event,2025-02-01
15,Battlestar Galactica: CYLON,56,12,Sunny,None,2025-02-01
955,Sesame Street Spaghetti Space Chase,57,15,Rainy,None,2025-02-01
290,Puss In Boots' Giant Journey,46,38,Sunny,None,2025-02-01
1038,Revenge of the Mummy,65,13,Cloudy,None,2025-02-01
95,Revenge of the Mummy,64,16,Sunny,None,2025-02-01
197,Transformers: The Ride,54,26,Sunny,Special Event,2025-02-01
333,Battlestar Galactica: CYLON,59,22,Rainy,None,2025-02-02
440,Transformers: The Ride,55,-4,Cloudy,Special Event,2025-02-02
998,Revenge of the Mummy,55,29,Sunny,None,2025-02-02
-42,Sesame Street Spaghetti Space Chase,33,27,Sunny,None,2025-02-02
988,Sesame Street Spaghetti Space Chase,54,38,Sunny,None,2025-02-02
63,Puss In Boots' Giant Journey,44,25,Sunny,Special Event,2025-02-02
724,Puss In Boots' Giant Journey,27,13,Sunny,None,2025-02-02
40,Battlestar Galactica: CYLON,54,40,Cloudy,None,2025-02-02
1100,Sesame Street Spaghetti Space Chase,51,18,Sunny,None,2025-02-02
865,Sesame Street Spaghetti Space Chase,57,19,Rainy,None,2025-02-02
169,Battlestar Galactica: CYLON,32,21,Cloudy,None,2025-02-02
989,Revenge of the Mummy,56,13,Sunny,Special Event,2025-02-02
983,Sesame Street Spaghetti Space Chase,52,37,Sunny,None,2025-02-02
706,Battlestar Galactica: CYLON,54,8,Sunny,None,2025-02-02
1139,Revenge of the Mummy,77,32,Sunny,None,2025-02-02
337,Battlestar Galactica: CYLON,47,49,Cloudy,None,2025-02-02
1038,Revenge of the Mummy,53,28,Sunny,Special Event,2025-02-02
125,Revenge of the Mummy,55,23,Rainy,None,2025-02-02
14,Transformers: The Ride,56,5,Sunny,Special Event,2025-02-02
250,Transformers: The Ride,66,39,Rainy,Special Event,2025-02-02
679,Sesame Street Spaghetti Space Chase,60,7,Sunny,None,2025-02-02
1010,Sesame Street Spaghetti Space Chase,48,18,Cloudy,None,2025-02-02
416,Revenge of the Mummy,48,12,Cloudy,None,2025-02-02
336,Transformers: The Ride,73,19,Sunny,None,2025-02-02
875,Sesame Street Spaghetti Space Chase,80,14,Cloudy,None,2025-02-03
769,Puss In Boots' Giant Journey,54,21,Sunny,None,2025-02-03
940,Battlestar Galactica: CYLON,69,8,Sunny,Special Event,2025-02-03
986,Sesame Street Spaghetti Space Chase,60,24,Cloudy,None,2025-02-03
404,Transformers: The Ride,47,50,Cloudy,None,2025-02-03
776,Battlestar Galactica: CYLON,73,30,Rainy,None,2025-02-03
670,Revenge of the Mummy,51,-12,Sunny,Special Event,2025-02-03
145,Transformers: The Ride,54,52,Rainy,None,2025-02-03
542,Transformers: The Ride,54,55,Rainy,Special Event,2025-02-03
855,Puss In Boots' Giant Journey,52,35,Sunny,Special Event,2025-02-03
837,Battlestar Galactica: CYLON,57,12,Cloudy,None,2025-02-03
305,Transformers: The Ride,53,33,Rainy,None,2025-02-03
816,Transformers: The Ride,71,13,Sunny,None,2025-02-03
939,Sesame Street Spaghetti Space Chase,63,37,Cloudy,None,2025-02-03
806,Battlestar Galactica: CYLON,39,13,Rainy,Special Event,2025-02-03
880,Sesame Street Spaghetti Space Chase,69,20,Sunny,Special Event,2025-02-03
228,Battlestar Galactica: CYLON,68,53,Sunny,Special Event,2025-02-03
854,Puss In Boots' Giant Journey,47,5,Cloudy,None,2025-02-03
862,Revenge of the Mummy,24,32,Sunny,None,2025-02-03
931,Revenge of the Mummy,62,24,Sunny,None,2025-02-03
865,Puss In Boots' Giant Journey,60,41,Rainy,Special Event,2025-02-03
872,Sesame Street Spaghetti Space Chase,54,20,Sunny,None,2025-02-03
492,Battlestar Galactica: CYLON,45,20,Sunny,None,2025-02-03
706,Revenge of the Mummy,39,12,Cloudy,None,2025-02-03
792,Revenge of the Mummy,25,19,Sunny,None,2025-02-04
951,Revenge of the Mummy,45,31,Sunny,None,2025-02-04
273,Transformers: The Ride,60,26,Rainy,None,2025-02-04
284,Sesame Street Spaghetti Space Chase,40,17,Sunny,None,2025-02-04
121,Transformers: The Ride,49,9,Cloudy,None,2025-02-04
-3,Battlestar Galactica: CYLON,70,19,Sunny,None,2025-02-04
355,Sesame Street Spaghetti Space Chase,62,5,Sunny,None,2025-02-04
563,Transformers: The Ride,46,25,Sunny,Special Event,2025-02-04
138,Sesame Street Spaghetti Space Chase,55,32,Sunny,Special Event,2025-02-04
863,Battlestar Galactica: CYLON,59,5,Cloudy,None,2025-02-04
908,Puss In Boots' Giant Journey,55,26,Sunny,None,2025-02-04
406,Battlestar Galactica: CYLON,59,28,Cloudy,None,2025-02-04
590,Sesame Street Spaghetti Space Chase,50,16,Rainy,None,2025-02-04
1125,Battlestar Galactica: CYLON,67,39,Rainy,None,2025-02-04
958,Revenge of the Mummy,53,32,Cloudy,None,2025-02-04
1130,Battlestar Galactica: CYLON,60,50,Sunny,None,2025-02-04
994,Revenge of the Mummy,47,22,Cloudy,Special Event,2025-02-04
288,Puss In Boots' Giant Journey,48,21,Sunny,None,2025-02-04
957,Revenge of the Mummy,39,16,Sunny,None,2025-02-04
353,Battlestar Galactica: CYLON,34,23,Rainy,Special Event,2025-02-04
90,Revenge of the Mummy,68,15,Sunny,None,2025-02-04
997,Sesame Street Spaghetti Space Chase,60,27,Sunny,None,2025-02-04
974,Sesame Street Spaghetti Space Chase,38,26,Rainy,None,2025-02-04
876,Sesame Street Spaghetti Space Chase,42,36,Rainy,Special Event,2025-02-04
999,Revenge of the Mummy,74,25,Sunny,None,2025-02-05
745,Revenge of the Mummy,60,19,Sunny,None,2025-02-05
1122,Puss In Boots' Giant Journey,48,39,Rainy,None,2025-02-05
544,Transformers: The Ride,77,30,Cloudy,None,2025-02-05
406,Battlestar Galactica: CYLON,60,20,Rainy,None,2025-02-05
339,Battlestar Galactica: CYLON,61,25,Sunny,None,2025-02-05
203,Battlestar Galactica: CYLON,62,40,Rainy,Special Event,2025-02-05
883,Battlestar Galactica: CYLON,51,-12,Sunny,None,2025-02-05
815,Revenge of the Mummy,48,50,Sunny,Special Event,2025-02-05
22,Transformers: The Ride,38,40,Sunny,None,2025-02-05
-49,Revenge of the Mummy,68,31,Sunny,None,2025-02-05
784,Battlestar Galactica: CYLON,37,33,Rainy,Special Event,2025-02-05
256,Battlestar Galactica: CYLON,43,23,Sunny,None,2025-02-05
89,Puss In Boots' Giant Journey,69,18,Rainy,None,2025-02-05
1102,Revenge of the Mummy,53,33,Rainy,Special Event,2025-02-05
182,Puss In Boots' Giant Journey,54,10,Sunny,None,2025-02-05
31,Revenge of the Mummy,54,13,Cloudy,None,2025-02-05
849,Sesame Street Spaghetti Space Chase,58,19,Cloudy,None,2025-02-05
353,Sesame Street Spaghetti Space Chase,57,29,Rainy,Special Event,2025-02-05
824,Revenge of the Mummy,72,19,Sunny,None,2025-02-05
463,Transformers: The Ride,39,19,Sunny,Special Event,2025-02-05
1029,Sesame Street Spaghetti Space Chase,64,37,Sunny,Special Event,2025-02-05
219,Battlestar Galactica: CYLON,55,11,Sunny,Special Event,2025-02-05
262,Transformers: The Ride,41,34,Cloudy,None,2025-02-05
953,Puss In Boots' Giant Journey,78,60,Rainy,None,2025-02-06
295,Revenge of the Mummy,50,14,Sunny,None,2025-02-06
670,Revenge of the Mummy,68,31,Cloudy,None,2025-02-06
529,Puss In Boots' Giant Journey,40,45,Cloudy,None,2025-02-06
97,Transformers: The Ride,44,-8,Sunny,None,2025-02-06
431,Battlestar Galactica: CYLON,61,40,Cloudy,None,2025-02-06
764,Revenge of the Mummy,36,20,Cloudy,Special Event,2025-02-06
46,Transformers: The Ride,41,4,Sunny,None,2025-02-06
514,Battlestar Galactica: CYLON,53,35,Rainy,None,2025-02-06
280,Puss In Boots' Giant Journey,58,33,Sunny,None,2025-02-06
1073,Battlestar Galactica: CYLON,50,21,Sunny,None,2025-02-06
24,Revenge of the Mummy,55,6,Sunny,None,2025-02-06
581,Battlestar Galactica: CYLON,58,12,Cloudy,None,2025-02-06
222,Sesame Street Spaghetti Space Chase,34,13,Sunny,None,2025-02-06
746,Puss In Boots' Giant Journey,63,-3,Sunny,None,2025-02-06
797,Revenge of the Mummy,67,30,Sunny,None,2025-02-06
791,Transformers: The Ride,57,23,Sunny,None,2025-02-06
733,Transformers: The Ride,55,7,Cloudy,None,2025-02-06
-14,Puss In Boots' Giant Journey,71,18,Cloudy,None,2025-02-06
444,Battlestar Galactica: CYLON,51,27,Cloudy,Special Event,2025-02-06
836,Sesame Street Spaghetti Space Chase,64,-2,Sunny,None,2025-02-06
660,Battlestar Galactica: CYLON,61,-3,Cloudy,None,2025-02-06
958,Revenge of the Mummy,60,32,Sunny,None,2025-02-06
664,Battlestar Galactica: CYLON,35,26,Cloudy,None,2025-02-06
-102,Revenge of the Mummy,65,16,Sunny,Special Event,2025-02-07
189,Revenge of the Mummy,44,29,Rainy,None,2025-02-07
238,Battlestar Galactica: CYLON,56,18,Sunny,None,2025-02-07
301,Puss In Boots' Giant Journey,69,-2,Cloudy,None,2025-02-07
810,Revenge of the Mummy,50,25,Sunny,None,2025-02-07
283,Battlestar Galactica: CYLON,44,18,Rainy,None,2025-02-07
817,Revenge of the Mummy,45,43,Rainy,None,2025-02-07
-49,Battlestar Galactica: CYLON,48,7,Sunny,None,2025-02-07
702,Battlestar Galactica: CYLON,63,16,Cloudy,None,2025-02-07
990,Revenge of the Mummy,63,22,Sunny,None,2025-02-07
420,Revenge of the Mummy,58,26,Sunny,None,2025-02-07
970,Transformers: The Ride,63,12,Cloudy,None,2025-02-07
164,Revenge of the Mummy,54,-12,Sunny,Special Event,2025-02-07
323,Revenge of the Mummy,55,29,Cloudy,None,2025-02-07
152,Revenge of the Mummy,54,38,Sunny,None,2025-02-07
310,Transformers: The Ride,74,-12,Cloudy,None,2025-02-07
915,Transformers: The Ride,47,55,Rainy,None,2025-02-07
800,Battlestar Galactica: CYLON,57,15,Cloudy,None,2025-02-07
1081,Battlestar Galactica: CYLON,63,7,Sunny,None,2025-02-07
512,Sesame Street Spaghetti Space Chase,43,32,Cloudy,None,2025-02-07
605,Revenge of the Mummy,60,18,Sunny,None,2025-02-07
1063,Revenge of the Mummy,55,22,Sunny,None,2025-02-07
87,Puss In Boots' Giant Journey,63,19,Sunny,None,2025-02-07
710,Puss In Boots' Giant Journey,63,20,Sunny,None,2025-02-07
953,Revenge of the Mummy,36,30,Rainy,None,2025-02-08
24,Revenge of the Mummy,31,26,Cloudy,Special Event,2025-02-08
507,Revenge of the Mummy,44,57,Cloudy,None,2025-02-08
267,Puss In Boots' Giant Journey,40,39,Cloudy,Special Event,2025-02-08
253,Battlestar Galactica: CYLON,27,23,Rainy,None,2025-02-08
-78,Battlestar Galactica: CYLON,60,37,Cloudy,None,2025-02-08
1123,Sesame Street Spaghetti Space Chase,66,40,Sunny,None,2025-02-08
670,Transformers: The Ride,63,20,Cloudy,None,2025-02-08
568,Sesame Street Spaghetti Space Chase,59,22,Cloudy,Special Event,2025-02-08
347,Sesame Street Spaghetti Space Chase,71,20,Sunny,None,2025-02-08
182,Puss In Boots' Giant Journey,62,52,Cloudy,None,2025-02-08
-58,Puss In Boots' Giant Journey,52,19,Cloudy,None,2025-02-08
843,Revenge of the Mummy,47,25,Cloudy,Special Event,2025-02-08
541,Battlestar Galactica: CYLON,68,10,Rainy,Special Event,2025-02-08
627,Transformers: The Ride,81,34,Cloudy,None,2025-02-08
55,Sesame Street Spaghetti Space Chase,42,8,Sunny,Special Event,2025-02-08
72,Revenge of the Mummy,37,27,Cloudy,Special Event,2025-02-08
887,Puss In Boots' Giant Journey,61,14,Sunny,Special Event,2025-02-08
-21,Revenge of the Mummy,58,26,Sunny,None,2025-02-08
942,Puss In Boots' Giant Journey,61,13,Cloudy,None,2025-02-08
474,Revenge of the Mummy,60,22,Sunny,Special Event,2025-02-08
477,Sesame Street Spaghetti Space Chase,37,19,Cloudy,Special Event,2025-02-08
638,Transformers: The Ride,62,32,Sunny,None,2025-02-08
80,Sesame Street Spaghetti Space Chase,57,26,Cloudy,None,2025-02-08
803,Battlestar Galactica: CYLON,52,15,Cloudy,None,2025-02-09
453,Revenge of the Mummy,72,34,Sunny,None,2025-02-09
863,Transformers: The Ride,65,14,Sunny,None,2025-02-09
375,Revenge of the Mummy,52,12,Sunny,Special Event,2025-02-09
451,Sesame Street Spaghetti Space Chase,77,13,Cloudy,None,2025-02-09
253,Battlestar Galactica: CYLON,54,30,Cloudy,None,2025-02-09
-99,Transformers: The Ride,56,26,Sunny,None,2025-02-09
1093,Sesame Street Spaghetti Space Chase,53,23,Cloudy,Special Event,2025-02-09
378,Revenge of the Mummy,51,23,Cloudy,None,2025-02-09
238,Revenge of the Mummy,56,39,Sunny,Special Event,2025-02-09
1066,Battlestar Galactica: CYLON,55,43,Cloudy,None,2025-02-09
663,Battlestar Galactica: CYLON,25,-5,Rainy,None,2025-02-09
803,Puss In Boots' Giant Journey,63,20,Sunny,None,2025-02-09
392,Puss In Boots' Giant Journey,69,5,Cloudy,None,2025-02-09
492,Sesame Street Spaghetti Space Chase,40,35,Sunny,None,2025-02-09
1114,Battlestar Galactica: CYLON,61,20,Rainy,None,2025-02-09
575,Transformers: The Ride,63,12,Sunny,None,2025-02-09
704,Sesame Street Spaghetti Space Chase,67,-3,Rainy,None,2025-02-09
235,Battlestar Galactica: CYLON,62,33,Rainy,None,2025-02-09
360,Battlestar Galactica: CYLON,50,20,Sunny,None,2025-02-09
36,Battlestar Galactica: CYLON,47,54,Cloudy,None,2025-02-09
491,Transformers: The Ride,55,27,Rainy,None,2025-02-09
-49,Transformers: The Ride,37,7,Rainy,Special Event,2025-02-09
745,Battlestar Galactica: CYLON,74,21,Sunny,None,2025-02-09
303,Battlestar Galactica: CYLON,58,52,Cloudy,None,2025-02-10
219,Revenge of the Mummy,38,1,Sunny,None,2025-02-10
798,Battlestar Galactica: CYLON,61,15,Cloudy,None,2025-02-10
405,Puss In Boots' Giant Journey,54,14,Sunny,None,2025-02-10
523,Battlestar Galactica: CYLON,76,11,Cloudy,None,2025-02-10
94,Battlestar Galactica: CYLON,51,-7,Sunny,None,2025-02-10
640,Sesame Street Spaghetti Space Chase,32,19,Rainy,Special Event,2025-02-10
651,Sesame Street Spaghetti Space Chase,34,18,Rainy,Special Event,2025-02-10
853,Puss In Boots' Giant Journey,51,2,Sunny,None,2025-02-10
450,Battlestar Galactica: CYLON,48,29,Sunny,Special Event,2025-02-10
918,Sesame Street Spaghetti Space Chase,49,22,Rainy,Special Event,2025-02-10
1024,Revenge of the Mummy,48,3,Sunny,Special Event,2025-02-10
1112,Battlestar Galactica: CYLON,51,61,Sunny,None,2025-02-10
967,Revenge of the Mummy,47,34,Sunny,None,2025-02-10
1150,Sesame Street Spaghetti Space Chase,70,13,Sunny,None,2025-02-10
341,Battlestar Galactica: CYLON,65,29,Cloudy,Special Event,2025-02-10
531,Sesame Street Spaghetti Space Chase,37,50,Sunny,Special Event,2025-02-10
208,Battlestar Galactica: CYLON,34,15,Sunny,None,2025-02-10
516,Battlestar Galactica: CYLON,55,26,Cloudy,None,2025-02-10
678,Revenge of the Mummy,29,3,Sunny,None,2025-02-10
-161,Puss In Boots' Giant Journey,35,26,Sunny,None,2025-02-10
593,Transformers: The Ride,75,21,Sunny,Special Event,2025-02-10
762,Sesame Street Spaghetti Space Chase,62,3,Cloudy,None,2025-02-10
925,Revenge of the Mummy,63,32,Cloudy,None,2025-02-10
635,Puss In Boots' Giant Journey,60,10,Sunny,None,2025-02-11
236,Revenge of the Mummy,61,24,Sunny,None,2025-02-11
715,Transformers: The Ride,57,6,Rainy,None,2025-02-11
-29,Puss In Boots' Giant Journey,52,61,Cloudy,None,2025-02-11
180,Sesame Street Spaghetti Space Chase,32,33,Sunny,Special Event,2025-02-11
755,Revenge of the Mummy,54,13,Cloudy,None,2025-02-11
859,Puss In Boots' Giant Journey,60,25,Sunny,None,2025-02-11
1045,Battlestar Galactica: CYLON,60,39,Rainy,None,2025-02-11
789,Revenge of the Mummy,62,3,Sunny,None,2025-02-11
328,Revenge of the Mummy,64,1,Cloudy,None,2025-02-11
228,Sesame Street Spaghetti Space Chase,63,13,Rainy,Special Event,2025-02-11
-154,Sesame Street Spaghetti Space Chase,48,28,Rainy,Special Event,2025-02-11
110,Puss In Boots' Giant Journey,56,16,Cloudy,None,2025-02-11
201,Battlestar Galactica: CYLON,33,23,Rainy,None,2025-02-11
801,Battlestar Galactica: CYLON,46,43,Rainy,Special Event,2025-02-11
-25,Revenge of the Mummy,53,30,Cloudy,None,2025-02-11
